{
  "patched": {
    "label": "patched",
    "images": 59,
    "det_per_img_mean": 460.3559265136719,
    "fp_per_img_mean": 386.4237365722656,
    "fp_per_img_by_thr": {
      "0.3": 23.728813559322035,
      "0.5": 13.694915254237289,
      "0.7": 5.559322033898305
    },
    "tp_total": 4362,
    "fp_total": 22799,
    "gt_total": 5668
  },
  "SODA": {
    "label": "SODA",
    "images": 59,
    "det_per_img_mean": 402.559326171875,
    "fp_per_img_mean": 335.49151611328125,
    "fp_per_img_by_thr": {
      "0.3": 10.508474576271187,
      "0.5": 5.983050847457627,
      "0.7": 2.440677966101695
    },
    "tp_total": 3957,
    "fp_total": 19794,
    "gt_total": 5668
  }
}