{
  "patched": {
    "label": "patched",
    "images": 59,
    "det_per_img_mean": 460.3559265136719,
    "fp_per_img_mean": 386.4237365722656,
    "fp_per_img_by_thr": {
      "0.3": 23.728813559322035,
      "0.5": 13.694915254237289,
      "0.7": 5.559322033898305
    },
    "tp_total": 4362,
    "fp_total": 22799,
    "gt_total": 5668
  },
  "blur": {
    "label": "blur",
    "images": 59,
    "det_per_img_mean": 439.4067687988281,
    "fp_per_img_mean": 365.9152526855469,
    "fp_per_img_by_thr": {
      "0.3": 21.389830508474578,
      "0.5": 13.389830508474576,
      "0.7": 6.322033898305085
    },
    "tp_total": 4336,
    "fp_total": 21589,
    "gt_total": 5668
  },
  "median": {
    "label": "median",
    "images": 59,
    "det_per_img_mean": 443.11865234375,
    "fp_per_img_mean": 370.440673828125,
    "fp_per_img_by_thr": {
      "0.3": 22.033898305084747,
      "0.5": 13.271186440677965,
      "0.7": 5.932203389830509
    },
    "tp_total": 4288,
    "fp_total": 21856,
    "gt_total": 5668
  },
  "jpeg": {
    "label": "jpeg",
    "images": 59,
    "det_per_img_mean": 460.4576416015625,
    "fp_per_img_mean": 386.5762634277344,
    "fp_per_img_by_thr": {
      "0.3": 24.084745762711865,
      "0.5": 13.847457627118644,
      "0.7": 5.610169491525424
    },
    "tp_total": 4359,
    "fp_total": 22808,
    "gt_total": 5668
  },
  "lgs": {
    "label": "lgs",
    "images": 59,
    "det_per_img_mean": 482.2372741699219,
    "fp_per_img_mean": 408.4576416015625,
    "fp_per_img_by_thr": {
      "0.3": 19.52542372881356,
      "0.5": 11.016949152542374,
      "0.7": 4.406779661016949
    },
    "tp_total": 4353,
    "fp_total": 24099,
    "gt_total": 5668
  },
  "soda": {
    "precision": 0.879619520251896,
    "recall": 0.6154100591823826,
    "mAP50": 0.6807673201302212,
    "mAP50-95": 0.4684802991004595,
    "det_per_img": 71.98305084745763,
    "fp_per_img": 10.508474576271187,
    "fp_at_0.3": 10.508474576271187,
    "fp_at_0.5": 14.389830508474576,
    "fp_at_0.7": 21.305084745762713
  },
  "clean": {
    "precision": 0.8619002321828096,
    "recall": 0.7401523877900121,
    "mAP50": 0.7935560758556821,
    "mAP50-95": 0.6356230219333295,
    "det_per_img": 78.375,
    "fp_per_img": 10.785714285714286,
    "fp_at_0.3": 10.785714285714286,
    "fp_at_0.5": 11.982142857142858,
    "fp_at_0.7": 15.678571428571429
  },
  "soda_vs_clean": {
    "precision": 0.10992717791118227,
    "recall": 0.17121696913228376,
    "mAP50": 0.05569729016636725,
    "mAP50-95": 0.021807990757042622,
    "det_per_img": 71.98305084745763,
    "fp_per_img": 59.33898305084746,
    "fp_at_0.3": 59.33898305084746,
    "fp_at_0.5": 64.32203389830508,
    "fp_at_0.7": 68.44067796610169
  }
}