{
  "patched": {
    "label": "patched",
    "images": 59,
    "det_per_img_mean": 460.3559265136719,
    "fp_per_img_mean": 386.4237365722656,
    "fp_per_img_by_thr": {
      "0.3": 23.728813559322035,
      "0.5": 13.694915254237289,
      "0.7": 5.559322033898305
    },
    "tp_total": 4362,
    "fp_total": 22799,
    "gt_total": 5668
  },
  "blur": {
    "label": "blur",
    "images": 59,
    "det_per_img_mean": 439.4067687988281,
    "fp_per_img_mean": 365.9152526855469,
    "fp_per_img_by_thr": {
      "0.3": 21.389830508474578,
      "0.5": 13.389830508474576,
      "0.7": 6.322033898305085
    },
    "tp_total": 4336,
    "fp_total": 21589,
    "gt_total": 5668
  },
  "median": {
    "label": "median",
    "images": 59,
    "det_per_img_mean": 443.11865234375,
    "fp_per_img_mean": 370.440673828125,
    "fp_per_img_by_thr": {
      "0.3": 22.033898305084747,
      "0.5": 13.271186440677965,
      "0.7": 5.932203389830509
    },
    "tp_total": 4288,
    "fp_total": 21856,
    "gt_total": 5668
  },
  "jpeg": {
    "label": "jpeg",
    "images": 59,
    "det_per_img_mean": 460.4576416015625,
    "fp_per_img_mean": 386.5762634277344,
    "fp_per_img_by_thr": {
      "0.3": 24.084745762711865,
      "0.5": 13.847457627118644,
      "0.7": 5.610169491525424
    },
    "tp_total": 4359,
    "fp_total": 22808,
    "gt_total": 5668
  }
}