{
  "billboard02": {
    "clean": {
      "n_images": 50,
      "avg_gt_per_img": 4.88,
      "det_per_img": {
        "0.001": 58.92,
        "0.3": 4.0,
        "0.5": 1.82,
        "0.7": 0.44
      },
      "fp_per_img": {
        "0.001": 56.98,
        "0.3": 2.54,
        "0.5": 0.92,
        "0.7": 0.04
      }
    },
    "patched": {
      "n_images": 50,
      "avg_gt_per_img": 4.88,
      "det_per_img": {
        "0.001": 67.9,
        "0.3": 4.08,
        "0.5": 1.64,
        "0.7": 0.42
      },
      "fp_per_img": {
        "0.001": 66.28,
        "0.3": 2.76,
        "0.5": 0.82,
        "0.7": 0.04
      }
    },
    "delta": {
      "det_per_img": {
        "0.001": 8.980000000000004,
        "0.3": 0.08000000000000007,
        "0.5": -0.18000000000000016,
        "0.7": -0.020000000000000018
      },
      "fp_per_img": {
        "0.001": 9.300000000000004,
        "0.3": 0.21999999999999975,
        "0.5": -0.10000000000000009,
        "0.7": 0.0
      }
    }
  },
  "billboard03": {
    "clean": {
      "n_images": 50,
      "avg_gt_per_img": 2.56,
      "det_per_img": {
        "0.001": 64.7,
        "0.3": 2.36,
        "0.5": 1.3,
        "0.7": 0.72
      },
      "fp_per_img": {
        "0.001": 63.18,
        "0.3": 1.16,
        "0.5": 0.2,
        "0.7": 0.04
      }
    },
    "patched": {
      "n_images": 50,
      "avg_gt_per_img": 2.56,
      "det_per_img": {
        "0.001": 63.66,
        "0.3": 3.4,
        "0.5": 1.64,
        "0.7": 0.68
      },
      "fp_per_img": {
        "0.001": 62.24,
        "0.3": 2.24,
        "0.5": 0.58,
        "0.7": 0.06
      }
    },
    "delta": {
      "det_per_img": {
        "0.001": -1.0400000000000063,
        "0.3": 1.04,
        "0.5": 0.33999999999999986,
        "0.7": -0.039999999999999925
      },
      "fp_per_img": {
        "0.001": -0.9399999999999977,
        "0.3": 1.0800000000000003,
        "0.5": 0.37999999999999995,
        "0.7": 0.019999999999999997
      }
    }
  },
  "billboard04": {
    "clean": {
      "n_images": 50,
      "avg_gt_per_img": 1.86,
      "det_per_img": {
        "0.001": 68.16,
        "0.3": 2.44,
        "0.5": 0.94,
        "0.7": 0.46
      },
      "fp_per_img": {
        "0.001": 66.62,
        "0.3": 1.28,
        "0.5": 0.08,
        "0.7": 0.0
      }
    },
    "patched": {
      "n_images": 50,
      "avg_gt_per_img": 1.86,
      "det_per_img": {
        "0.001": 78.2,
        "0.3": 2.86,
        "0.5": 0.94,
        "0.7": 0.44
      },
      "fp_per_img": {
        "0.001": 76.82,
        "0.3": 1.82,
        "0.5": 0.16,
        "0.7": 0.0
      }
    },
    "delta": {
      "det_per_img": {
        "0.001": 10.040000000000006,
        "0.3": 0.41999999999999993,
        "0.5": 0.0,
        "0.7": -0.020000000000000018
      },
      "fp_per_img": {
        "0.001": 10.199999999999989,
        "0.3": 0.54,
        "0.5": 0.08,
        "0.7": 0.0
      }
    }
  },
  "billboard05": {
    "clean": {
      "n_images": 50,
      "avg_gt_per_img": 3.7,
      "det_per_img": {
        "0.001": 36.62,
        "0.3": 1.1,
        "0.5": 0.66,
        "0.7": 0.38
      },
      "fp_per_img": {
        "0.001": 35.94,
        "0.3": 0.46,
        "0.5": 0.12,
        "0.7": 0.02
      }
    },
    "patched": {
      "n_images": 50,
      "avg_gt_per_img": 3.7,
      "det_per_img": {
        "0.001": 47.6,
        "0.3": 2.16,
        "0.5": 1.32,
        "0.7": 0.42
      },
      "fp_per_img": {
        "0.001": 46.92,
        "0.3": 1.48,
        "0.5": 0.78,
        "0.7": 0.04
      }
    },
    "delta": {
      "det_per_img": {
        "0.001": 10.980000000000004,
        "0.3": 1.06,
        "0.5": 0.66,
        "0.7": 0.03999999999999998
      },
      "fp_per_img": {
        "0.001": 10.980000000000004,
        "0.3": 1.02,
        "0.5": 0.66,
        "0.7": 0.02
      }
    }
  },
  "billboard06": {
    "clean": {
      "n_images": 50,
      "avg_gt_per_img": 4.46,
      "det_per_img": {
        "0.001": 43.0,
        "0.3": 1.56,
        "0.5": 0.98,
        "0.7": 0.64
      },
      "fp_per_img": {
        "0.001": 41.86,
        "0.3": 0.56,
        "0.5": 0.1,
        "0.7": 0.04
      }
    },
    "patched": {
      "n_images": 50,
      "avg_gt_per_img": 4.46,
      "det_per_img": {
        "0.001": 49.86,
        "0.3": 2.42,
        "0.5": 1.6,
        "0.7": 0.64
      },
      "fp_per_img": {
        "0.001": 48.74,
        "0.3": 1.44,
        "0.5": 0.84,
        "0.7": 0.2
      }
    },
    "delta": {
      "det_per_img": {
        "0.001": 6.859999999999999,
        "0.3": 0.8599999999999999,
        "0.5": 0.6200000000000001,
        "0.7": 0.0
      },
      "fp_per_img": {
        "0.001": 6.880000000000003,
        "0.3": 0.8799999999999999,
        "0.5": 0.74,
        "0.7": 0.16
      }
    }
  },
  "billboard07": {
    "clean": {
      "n_images": 50,
      "avg_gt_per_img": 7.5,
      "det_per_img": {
        "0.001": 54.54,
        "0.3": 3.8,
        "0.5": 1.22,
        "0.7": 0.34
      },
      "fp_per_img": {
        "0.001": 52.2,
        "0.3": 2.2,
        "0.5": 0.32,
        "0.7": 0.0
      }
    },
    "patched": {
      "n_images": 50,
      "avg_gt_per_img": 7.5,
      "det_per_img": {
        "0.001": 61.56,
        "0.3": 5.14,
        "0.5": 1.98,
        "0.7": 0.36
      },
      "fp_per_img": {
        "0.001": 59.74,
        "0.3": 3.96,
        "0.5": 1.48,
        "0.7": 0.04
      }
    },
    "delta": {
      "det_per_img": {
        "0.001": 7.020000000000003,
        "0.3": 1.3399999999999999,
        "0.5": 0.76,
        "0.7": 0.019999999999999962
      },
      "fp_per_img": {
        "0.001": 7.539999999999999,
        "0.3": 1.7599999999999998,
        "0.5": 1.16,
        "0.7": 0.04
      }
    }
  },
  "billboard08": {
    "clean": {
      "n_images": 50,
      "avg_gt_per_img": 1.18,
      "det_per_img": {
        "0.001": 27.22,
        "0.3": 0.76,
        "0.5": 0.42,
        "0.7": 0.3
      },
      "fp_per_img": {
        "0.001": 26.68,
        "0.3": 0.34,
        "0.5": 0.04,
        "0.7": 0.0
      }
    },
    "patched": {
      "n_images": 50,
      "avg_gt_per_img": 1.18,
      "det_per_img": {
        "0.001": 37.94,
        "0.3": 1.5,
        "0.5": 0.52,
        "0.7": 0.32
      },
      "fp_per_img": {
        "0.001": 37.44,
        "0.3": 1.08,
        "0.5": 0.14,
        "0.7": 0.02
      }
    },
    "delta": {
      "det_per_img": {
        "0.001": 10.719999999999999,
        "0.3": 0.74,
        "0.5": 0.10000000000000003,
        "0.7": 0.020000000000000018
      },
      "fp_per_img": {
        "0.001": 10.759999999999998,
        "0.3": 0.74,
        "0.5": 0.1,
        "0.7": 0.02
      }
    }
  },
  "billboard09": {
    "clean": {
      "n_images": 50,
      "avg_gt_per_img": 6.82,
      "det_per_img": {
        "0.001": 90.2,
        "0.3": 5.92,
        "0.5": 3.34,
        "0.7": 2.48
      },
      "fp_per_img": {
        "0.001": 84.9,
        "0.3": 2.48,
        "0.5": 0.44,
        "0.7": 0.08
      }
    },
    "patched": {
      "n_images": 50,
      "avg_gt_per_img": 6.82,
      "det_per_img": {
        "0.001": 96.94,
        "0.3": 7.32,
        "0.5": 3.94,
        "0.7": 2.12
      },
      "fp_per_img": {
        "0.001": 91.92,
        "0.3": 3.94,
        "0.5": 1.08,
        "0.7": 0.12
      }
    },
    "delta": {
      "det_per_img": {
        "0.001": 6.739999999999995,
        "0.3": 1.4000000000000004,
        "0.5": 0.6000000000000001,
        "0.7": -0.3599999999999999
      },
      "fp_per_img": {
        "0.001": 7.019999999999996,
        "0.3": 1.46,
        "0.5": 0.6400000000000001,
        "0.7": 0.039999999999999994
      }
    }
  }
}